{
    "TP": 396,
    "TN": 705,
    "FN": 317,
    "FP": 9,
    "Precision": 0.9777777777777777,
    "Recall": 0.5553997194950911,
    "Macro_F1": 0.7084078711985689,
    "Accuracy": 0.7715487035739313
}